Total Bed Capacity,ICU Availability,Number of Medical Specialties,CT or MRI available,Specialist Doctor Count,Emergency & Trauma Services,Teaching / Tertiary Status,Bed_to_Doctor_Ratio,Specialty_Density,Capacity_Score,Equipment_Score,Service_Score,Readiness_Score,Has_Cardiac,Has_Multi-specialty,Has_General,Has_Neuro,Has_Cancer
160,1,28,1,28,1,1,5.517241379310345,0.17391304347826086,0.14666666666666667,2,2,1.2306666666666668,1,1,1,0,1
257,0,18,0,30,1,0,8.290322580645162,0.06976744186046512,0.276,0,1,0.4028,1,1,1,1,1
110,1,8,1,11,1,0,9.166666666666666,0.07207207207207207,0.08,2,1,0.8773333333333334,0,0,1,0,0
109,1,8,1,11,1,0,9.083333333333334,0.07272727272727272,0.07866666666666666,2,1,0.8769333333333332,0,1,1,1,0
147,1,11,1,17,1,0,8.166666666666666,0.07432432432432433,0.12933333333333333,2,1,0.9121333333333334,0,1,0,0,0
153,1,19,1,24,1,0,6.12,0.12337662337662338,0.13733333333333334,2,1,0.9678666666666667,1,1,1,1,1
303,1,17,1,35,1,0,8.416666666666666,0.05592105263157895,0.3373333333333333,2,1,1.0145333333333333,1,0,0,0,1
142,1,11,1,16,1,0,8.352941176470589,0.07692307692307693,0.12266666666666666,2,1,0.9101333333333333,0,1,0,0,1
261,1,20,0,42,0,0,6.069767441860465,0.07633587786259542,0.2813333333333333,1,0,0.5177333333333333,1,1,1,0,1
63,1,10,1,10,1,0,5.7272727272727275,0.15625,0.017333333333333333,2,1,0.8718666666666666,0,0,1,1,1
419,1,28,1,100,1,1,4.148514851485149,0.06666666666666667,0.492,2,2,1.3342666666666667,1,1,1,1,1
117,0,11,1,15,1,0,7.3125,0.09322033898305085,0.08933333333333333,1,1,0.6001333333333333,1,0,0,1,1
657,1,32,1,128,1,1,5.093023255813954,0.0486322188449848,0.8093333333333333,2,2,1.4561333333333333,1,1,0,1,1
343,1,18,0,38,1,0,8.794871794871796,0.05232558139534884,0.39066666666666666,1,1,0.7372,0,0,1,0,1
131,1,12,0,12,1,0,10.076923076923077,0.09090909090909091,0.108,1,1,0.6124,0,1,0,0,1
119,1,7,0,13,0,0,8.5,0.058333333333333334,0.092,1,0,0.3742666666666667,0,0,1,0,1
768,1,30,1,179,0,1,4.266666666666667,0.03901170351105332,0.9573333333333334,2,1,1.2872,1,1,0,0,1
120,0,8,1,14,0,0,8.0,0.06611570247933884,0.09333333333333334,1,0,0.38133333333333336,0,0,1,0,0
188,1,18,1,20,0,0,8.952380952380953,0.09523809523809523,0.184,2,0,0.7752,1,1,1,1,1
655,1,26,1,96,1,0,6.752577319587629,0.039634146341463415,0.8066666666666666,2,1,1.2153333333333334,1,1,0,1,1
265,1,10,1,32,1,0,8.030303030303031,0.03759398496240601,0.2866666666666667,2,1,0.9526666666666666,0,0,0,0,1
665,1,20,1,110,1,0,5.990990990990991,0.03003003003003003,0.82,2,1,1.1793333333333333,1,1,1,1,1
131,1,12,1,16,1,0,7.705882352941177,0.09090909090909091,0.108,2,1,0.9124000000000001,0,0,0,1,1
150,0,10,1,19,0,0,7.5,0.06622516556291391,0.13333333333333333,1,0,0.4066666666666666,0,0,0,0,1
80,1,12,1,10,1,0,7.2727272727272725,0.14814814814814814,0.04,2,1,0.8920000000000001,0,0,1,1,0
256,0,17,1,31,1,0,8.0,0.06614785992217899,0.27466666666666667,1,1,0.6957333333333333,1,0,0,0,1
108,0,5,1,10,0,0,9.818181818181818,0.045871559633027525,0.07733333333333334,1,0,0.3565333333333333,0,0,1,0,1
112,0,12,1,11,1,0,9.333333333333334,0.10619469026548672,0.08266666666666667,1,1,0.6048,0,1,0,1,1
120,1,7,0,13,1,0,8.571428571428571,0.05785123966942149,0.09333333333333334,1,1,0.5746666666666667,1,0,0,0,1
131,0,10,1,13,0,0,9.357142857142858,0.07575757575757576,0.108,1,0,0.3990666666666666,1,1,1,0,0
180,0,13,1,26,1,0,6.666666666666667,0.0718232044198895,0.17333333333333334,1,1,0.6386666666666667,0,1,0,0,1
107,1,6,0,12,1,0,8.23076923076923,0.05555555555555555,0.076,1,1,0.5628,0,0,0,0,1
100,0,10,1,10,1,0,9.090909090909092,0.09900990099009901,0.06666666666666667,1,1,0.5866666666666667,0,1,1,0,0
108,0,8,1,12,1,0,8.307692307692308,0.07339449541284404,0.07733333333333334,1,1,0.5765333333333333,1,0,0,1,1
138,0,6,1,12,0,0,10.615384615384615,0.04316546762589928,0.11733333333333333,1,0,0.3752,1,0,0,0,0
103,1,6,1,12,1,0,7.923076923076923,0.057692307692307696,0.07066666666666667,2,1,0.8612,0,1,0,0,0
331,1,18,0,40,1,0,8.073170731707316,0.05421686746987952,0.37466666666666665,1,1,0.7324,0,1,0,0,1
53,1,12,1,10,0,0,4.818181818181818,0.2222222222222222,0.004,2,0,0.6812,1,0,1,0,0
236,1,25,1,37,1,1,6.2105263157894735,0.10548523206751055,0.248,2,2,1.2410666666666668,1,1,0,1,1
115,0,5,1,11,1,0,9.583333333333334,0.04310344827586207,0.08666666666666667,1,1,0.5593333333333333,0,0,0,1,0
234,1,21,1,48,0,1,4.775510204081633,0.08936170212765958,0.24533333333333332,2,1,1.0135999999999998,1,1,1,1,1
140,1,24,1,29,0,1,4.666666666666667,0.1702127659574468,0.12,2,1,0.9960000000000001,0,1,1,1,1
365,1,12,1,41,1,0,8.69047619047619,0.03278688524590164,0.42,2,1,1.006,1,1,0,0,1
357,1,16,1,49,0,0,7.14,0.0446927374301676,0.4093333333333333,2,0,0.8294666666666667,0,0,0,1,1
93,1,9,1,11,1,0,7.75,0.09574468085106383,0.05733333333333333,2,1,0.8772,1,0,0,0,0
364,1,20,1,51,1,0,7.0,0.0547945205479452,0.4186666666666667,2,1,1.0589333333333333,1,1,1,1,1
536,1,21,1,64,1,0,8.246153846153845,0.03910614525139665,0.648,2,1,1.1343999999999999,0,0,1,1,1
152,1,18,1,24,1,0,6.08,0.11764705882352941,0.136,2,1,0.9608,1,1,0,0,1
55,0,8,1,9,1,0,5.5,0.14285714285714285,0.006666666666666667,1,1,0.5553333333333333,1,0,0,0,0
596,1,32,1,148,1,1,4.0,0.05360134003350084,0.728,2,2,1.4317333333333333,1,1,1,1,1
615,1,30,1,107,1,0,5.694444444444445,0.048701298701298704,0.7533333333333333,2,1,1.226,1,1,1,1,1
69,1,10,0,10,1,0,6.2727272727272725,0.14285714285714285,0.025333333333333333,1,1,0.5742666666666667,1,0,1,1,0
233,1,18,1,33,1,0,6.852941176470588,0.07692307692307693,0.244,2,1,0.9932,1,1,0,0,1
449,1,29,1,99,1,1,4.49,0.06444444444444444,0.532,2,2,1.3529333333333333,0,1,0,1,1
125,1,12,1,15,1,0,7.8125,0.09523809523809523,0.1,2,1,0.9100000000000001,0,1,0,1,0
348,1,29,1,64,1,1,5.3538461538461535,0.0830945558739255,0.3973333333333333,2,2,1.3125333333333333,0,1,1,1,1
794,1,21,1,131,1,1,6.015151515151516,0.026415094339622643,0.992,2,2,1.4376,0,1,0,1,1
639,1,35,1,115,1,1,5.508620689655173,0.0546875,0.7853333333333333,2,2,1.4689333333333332,1,1,1,1,1
132,1,12,1,12,1,0,10.153846153846153,0.09022556390977443,0.10933333333333334,2,1,0.9128000000000001,0,0,0,0,1
90,1,10,1,11,1,0,7.5,0.10989010989010989,0.05333333333333334,2,1,0.8826666666666667,1,1,0,0,0
282,1,14,1,39,0,0,7.05,0.04946996466431095,0.30933333333333335,2,0,0.7861333333333334,0,0,0,1,1
143,1,10,1,14,1,0,9.533333333333333,0.06944444444444445,0.124,2,1,0.9038666666666666,1,1,0,0,0
68,1,7,0,9,1,0,6.8,0.10144927536231885,0.024,1,1,0.5538666666666666,1,0,0,1,1
130,1,6,1,14,1,0,8.666666666666666,0.04580152671755725,0.10666666666666667,2,1,0.8720000000000001,0,1,1,0,0
400,0,20,1,63,1,0,6.25,0.04987531172069826,0.4666666666666667,1,1,0.7733333333333332,1,1,0,1,0
554,1,32,1,96,1,1,5.711340206185567,0.05765765765765766,0.672,2,2,1.4149333333333334,1,0,1,1,1
106,0,5,1,9,1,0,10.6,0.04672897196261682,0.07466666666666667,1,1,0.5557333333333333,1,0,0,1,0
110,0,9,1,10,1,0,10.0,0.08108108108108109,0.08,1,1,0.5840000000000001,1,1,1,0,0
106,1,12,1,12,1,0,8.153846153846153,0.11214953271028037,0.07466666666666667,2,1,0.9024000000000001,0,1,1,0,1
75,1,6,1,9,1,0,7.5,0.07894736842105263,0.03333333333333333,2,1,0.8500000000000001,0,0,1,0,1
212,1,20,1,33,1,0,6.235294117647059,0.09389671361502347,0.216,2,1,0.9981333333333333,1,0,1,0,1
107,0,12,1,15,1,0,6.6875,0.1111111111111111,0.076,1,1,0.6028,0,0,1,0,0
636,1,33,1,121,1,1,5.213114754098361,0.05180533751962323,0.7813333333333333,2,2,1.4544,1,1,1,1,1
63,1,11,0,10,1,0,5.7272727272727275,0.171875,0.017333333333333333,1,1,0.5785333333333333,1,0,1,1,0
790,1,27,1,162,1,1,4.846625766871166,0.03413400758533502,0.9866666666666667,2,2,1.4759999999999998,1,1,1,1,1
335,1,11,1,35,1,0,9.305555555555555,0.03273809523809524,0.38,2,1,0.9873333333333333,1,1,0,0,1
626,1,24,1,102,1,1,6.077669902912621,0.03827751196172249,0.768,2,2,1.3904,1,1,1,0,0
127,0,5,1,10,1,0,11.545454545454545,0.0390625,0.10266666666666667,1,1,0.5641333333333333,0,1,0,0,0
604,1,29,1,89,1,0,6.711111111111111,0.047933884297520664,0.7386666666666667,2,1,1.2149333333333334,1,1,1,1,1
111,1,8,0,10,0,0,10.090909090909092,0.07142857142857142,0.08133333333333333,1,0,0.3777333333333333,0,1,0,1,0
53,0,9,0,9,1,0,5.3,0.16666666666666666,0.004,0,1,0.2612,1,1,0,0,1
589,1,29,1,139,1,1,4.207142857142857,0.04915254237288136,0.7186666666666667,2,2,1.4089333333333334,1,1,1,1,0
58,1,7,0,9,1,0,5.8,0.11864406779661017,0.010666666666666666,1,1,0.5498666666666666,0,1,1,0,0
316,1,17,1,37,0,0,8.31578947368421,0.05362776025236593,0.3546666666666667,2,0,0.8197333333333334,1,0,0,0,1
55,0,12,0,10,0,0,5.0,0.21428571428571427,0.006666666666666667,0,0,0.08200000000000002,0,0,0,1,0
86,0,9,0,9,1,0,8.6,0.10344827586206896,0.048,0,1,0.2744,0,0,1,1,1
83,1,8,0,10,1,0,7.545454545454546,0.09523809523809523,0.044,1,1,0.5665333333333333,1,0,0,0,0
64,1,12,1,10,1,0,5.818181818181818,0.18461538461538463,0.018666666666666668,2,1,0.8856000000000002,0,1,0,0,1
132,0,9,1,14,0,0,8.8,0.06766917293233082,0.10933333333333334,1,0,0.3928,1,1,0,0,0
377,1,23,1,71,0,1,5.236111111111111,0.06084656084656084,0.436,2,1,1.0841333333333334,1,1,1,1,1
422,1,26,1,88,1,1,4.741573033707865,0.061465721040189124,0.496,2,2,1.3221333333333334,1,1,1,1,0
358,1,26,1,83,1,1,4.261904761904762,0.07242339832869081,0.4106666666666667,2,2,1.2965333333333333,0,1,1,1,1
96,1,30,1,16,1,1,5.647058823529412,0.30927835051546393,0.06133333333333333,2,2,1.2184,1,0,1,1,0
733,1,26,1,117,1,0,6.211864406779661,0.035422343324250684,0.9106666666666666,2,1,1.2465333333333333,1,1,1,1,1
114,1,7,1,10,1,0,10.363636363636363,0.06086956521739131,0.08533333333333333,2,1,0.8722666666666665,1,1,0,0,0
108,0,6,1,11,1,0,9.0,0.05504587155963303,0.07733333333333334,1,1,0.5632,0,1,0,1,1
325,1,11,1,43,1,0,7.386363636363637,0.03374233128834356,0.36666666666666664,2,1,0.9833333333333333,0,0,0,0,1
525,1,29,1,115,1,1,4.525862068965517,0.055133079847908745,0.6333333333333333,2,2,1.3833333333333333,1,1,1,1,0
73,0,7,1,9,1,0,7.3,0.0945945945945946,0.030666666666666665,1,1,0.5558666666666666,0,0,1,0,1
381,1,11,1,41,1,0,9.071428571428571,0.028795811518324606,0.44133333333333336,2,1,1.0057333333333331,0,0,0,1,0
358,1,16,1,50,1,0,7.019607843137255,0.04456824512534819,0.4106666666666667,2,1,1.0298666666666667,1,1,1,1,0
60,1,8,1,9,0,0,6.0,0.13114754098360656,0.013333333333333334,2,0,0.6573333333333333,1,0,1,0,0
670,1,28,1,160,1,1,4.161490683229814,0.041728763040238454,0.8266666666666667,2,2,1.4346666666666668,1,1,0,0,1
101,0,9,1,13,1,0,7.214285714285714,0.08823529411764706,0.068,1,1,0.5804,0,1,1,1,0
76,0,6,1,9,1,0,7.6,0.07792207792207792,0.034666666666666665,1,1,0.5504,1,0,1,0,0
396,1,12,1,55,1,0,7.071428571428571,0.030226700251889168,0.4613333333333333,2,1,1.0184,1,1,0,0,1
346,0,11,1,41,1,0,8.238095238095237,0.03170028818443804,0.39466666666666667,1,1,0.6917333333333334,0,0,0,1,0
149,1,5,1,16,1,0,8.764705882352942,0.03333333333333333,0.132,2,1,0.8729333333333332,1,1,0,0,0
259,1,10,1,33,1,0,7.617647058823529,0.038461538461538464,0.2786666666666667,2,1,0.9502666666666666,0,1,0,0,0
86,1,12,0,10,1,0,7.818181818181818,0.13793103448275862,0.048,1,1,0.5944,0,0,0,0,1
96,1,10,0,10,1,0,8.727272727272727,0.10309278350515463,0.06133333333333333,1,1,0.5850666666666666,1,0,1,0,1
789,1,30,1,162,1,1,4.840490797546012,0.0379746835443038,0.9853333333333333,2,2,1.4955999999999998,1,1,1,1,1
238,1,18,1,28,1,0,8.206896551724139,0.07531380753138076,0.25066666666666665,2,1,0.9952,1,1,1,1,1
166,1,12,1,22,1,0,7.217391304347826,0.0718562874251497,0.15466666666666667,2,1,0.9264000000000001,1,1,0,0,1
240,1,29,1,52,1,1,4.528301886792453,0.12033195020746888,0.25333333333333335,2,2,1.2693333333333334,0,1,0,1,1
130,0,11,1,17,0,0,7.222222222222222,0.08396946564885496,0.10666666666666667,1,0,0.4053333333333333,0,0,0,0,1
282,1,12,1,29,1,0,9.4,0.04240282685512368,0.30933333333333335,2,1,0.9728000000000001,0,0,0,1,1
62,1,6,1,9,1,0,6.2,0.09523809523809523,0.016,2,1,0.8448,1,0,0,0,0
193,0,12,1,23,1,0,8.041666666666666,0.061855670103092786,0.19066666666666668,1,1,0.6372,0,0,1,0,0
337,1,10,1,37,1,0,8.868421052631579,0.029585798816568046,0.38266666666666665,2,1,0.9814666666666667,1,1,0,1,0
86,1,11,1,10,1,0,7.818181818181818,0.12643678160919541,0.048,2,1,0.8877333333333334,0,0,1,1,1
85,1,9,1,9,0,0,8.5,0.10465116279069768,0.04666666666666667,2,0,0.6739999999999999,1,0,1,1,0
120,1,8,1,11,0,0,10.0,0.06611570247933884,0.09333333333333334,2,0,0.6813333333333333,0,0,1,1,0
154,0,14,1,18,1,0,8.105263157894736,0.09032258064516129,0.13866666666666666,1,1,0.6349333333333335,1,0,0,1,1
218,1,18,1,26,1,0,8.074074074074074,0.0821917808219178,0.224,2,1,0.9872,1,1,1,1,1
83,0,12,0,10,1,0,7.545454545454546,0.14285714285714285,0.044,0,1,0.2932,0,1,0,0,1
314,1,20,0,52,0,0,5.9245283018867925,0.06349206349206349,0.352,1,0,0.5389333333333333,0,1,1,1,1
71,0,6,1,9,0,0,7.1,0.08333333333333333,0.028,1,0,0.34840000000000004,0,1,0,1,0
555,1,26,1,93,1,1,5.904255319148936,0.046762589928057555,0.6733333333333333,2,2,1.3753333333333333,1,1,1,0,0
59,1,5,1,9,1,0,5.9,0.08333333333333333,0.012,2,1,0.8369333333333334,1,0,0,0,1
64,1,29,1,13,1,1,4.571428571428571,0.4461538461538462,0.018666666666666668,2,2,1.1989333333333334,1,1,1,1,0
60,1,8,1,9,1,0,6.0,0.13114754098360656,0.013333333333333334,2,1,0.8573333333333334,0,1,0,0,1
620,1,25,1,93,1,0,6.595744680851064,0.040257648953301126,0.76,2,1,1.1946666666666668,1,1,0,1,1
119,1,6,1,14,1,0,7.933333333333334,0.05,0.092,2,1,0.8675999999999999,0,1,1,0,1
218,1,18,1,35,0,1,6.055555555555555,0.0821917808219178,0.224,2,1,0.9872,1,1,1,0,1
351,1,24,1,60,1,1,5.754098360655738,0.06818181818181818,0.4013333333333333,2,2,1.2804000000000002,1,1,1,1,1
150,0,10,1,19,1,0,7.5,0.06622516556291391,0.13333333333333333,1,1,0.6066666666666667,0,0,0,0,1
415,1,24,1,75,1,0,5.4605263157894735,0.057692307692307696,0.4866666666666667,2,1,1.1059999999999999,1,1,1,1,1
240,1,18,1,28,1,0,8.275862068965518,0.07468879668049792,0.25333333333333335,2,1,0.9959999999999999,1,1,1,1,0
129,1,7,1,15,1,0,8.0625,0.05384615384615385,0.10533333333333333,2,1,0.8782666666666665,1,0,1,0,1
71,0,8,1,9,1,0,7.1,0.1111111111111111,0.028,1,1,0.5617333333333333,0,0,1,0,1
236,1,12,1,27,1,0,8.428571428571429,0.05063291139240506,0.248,2,1,0.9544000000000001,0,0,0,1,0
705,1,28,1,130,1,1,5.3816793893129775,0.039660056657223795,0.8733333333333333,2,2,1.4486666666666668,1,1,1,1,0
330,1,29,1,78,1,1,4.177215189873418,0.08761329305135952,0.37333333333333335,2,2,1.3053333333333335,1,1,1,1,1
112,1,10,1,14,0,0,7.466666666666667,0.08849557522123894,0.08266666666666667,2,0,0.6914666666666667,1,1,0,0,1
209,0,20,1,24,1,0,8.36,0.09523809523809523,0.212,1,1,0.6969333333333333,0,1,1,1,1
695,1,20,1,88,1,0,7.808988764044944,0.028735632183908046,0.86,2,1,1.1913333333333334,1,1,0,1,1
68,1,7,0,9,0,0,6.8,0.10144927536231885,0.024,1,0,0.35386666666666666,0,1,1,0,0
118,1,5,1,9,1,0,11.8,0.04201680672268908,0.09066666666666667,2,1,0.8605333333333333,0,1,0,1,0
58,1,5,1,9,0,0,5.8,0.0847457627118644,0.010666666666666666,2,0,0.6365333333333333,0,0,1,1,0
145,1,12,1,14,1,0,9.666666666666666,0.0821917808219178,0.12666666666666668,2,1,0.9180000000000001,0,0,0,0,1
324,1,10,1,44,1,0,7.2,0.03076923076923077,0.36533333333333334,2,1,0.9762666666666666,0,0,1,1,0
763,1,31,1,124,1,0,6.104,0.04057591623036649,0.9506666666666667,2,1,1.2918666666666667,1,1,0,0,1
768,1,31,1,183,1,1,4.173913043478261,0.04031209362808843,0.9573333333333334,2,2,1.4938666666666667,0,1,1,0,1
735,1,22,1,90,1,0,8.076923076923077,0.029891304347826088,0.9133333333333333,2,1,1.2206666666666666,1,1,0,0,1
238,1,13,1,28,0,0,8.206896551724139,0.05439330543933055,0.25066666666666665,2,0,0.7618666666666667,0,0,1,0,0
54,0,11,1,10,1,0,4.909090909090909,0.2,0.005333333333333333,1,1,0.5749333333333334,0,1,1,0,1
372,1,18,1,56,1,1,6.526315789473684,0.04825737265415549,0.42933333333333334,2,2,1.2488000000000001,0,1,0,1,1
397,1,20,1,84,1,1,4.670588235294118,0.05025125628140704,0.46266666666666667,2,2,1.2721333333333333,0,1,0,1,1
239,1,22,1,34,1,1,6.828571428571428,0.09166666666666666,0.252,2,2,1.2222666666666668,1,1,1,1,0
220,1,30,1,40,1,1,5.365853658536586,0.13574660633484162,0.22666666666666666,2,2,1.268,1,1,0,1,1
71,1,6,1,9,0,0,7.1,0.08333333333333333,0.028,2,0,0.6484,0,0,1,1,0
386,1,14,1,54,0,0,7.0181818181818185,0.03617571059431524,0.448,2,0,0.8277333333333333,1,0,0,0,1
83,0,10,0,10,1,0,7.545454545454546,0.11904761904761904,0.044,0,1,0.27986666666666665,0,0,1,1,1
591,1,31,1,107,1,1,5.472222222222222,0.052364864864864864,0.7213333333333334,2,2,1.423066666666667,1,1,1,1,1
130,1,7,1,14,1,0,8.666666666666666,0.05343511450381679,0.10666666666666667,2,1,0.8786666666666667,0,1,0,0,0
681,1,30,1,98,1,0,6.878787878787879,0.04398826979472141,0.8413333333333334,2,1,1.2524,1,1,1,1,0
359,0,19,1,54,1,0,6.527272727272727,0.05277777777777778,0.412,1,1,0.7502666666666666,1,1,1,1,1
446,1,21,1,82,1,1,5.373493975903615,0.04697986577181208,0.528,2,2,1.2983999999999998,0,1,1,1,0
65,1,30,1,14,0,1,4.333333333333333,0.45454545454545453,0.02,2,1,1.006,1,1,1,0,1
354,1,28,1,61,1,1,5.709677419354839,0.07887323943661972,0.4053333333333333,2,2,1.3082666666666667,1,1,1,1,1
451,1,35,1,84,1,1,5.305882352941176,0.07743362831858407,0.5346666666666666,2,2,1.3937333333333335,1,1,1,1,1
129,1,8,0,13,1,0,9.214285714285714,0.06153846153846154,0.10533333333333333,1,1,0.5849333333333334,0,0,1,1,0
50,1,10,1,10,1,0,4.545454545454546,0.19607843137254902,0.0,2,1,0.8666666666666667,0,1,0,1,0
138,1,29,1,28,1,1,4.758620689655173,0.20863309352517986,0.11733333333333333,2,2,1.2285333333333335,1,1,1,1,0
233,0,15,1,27,1,0,8.321428571428571,0.0641025641025641,0.244,1,1,0.6731999999999999,1,1,1,0,1
134,1,12,0,18,1,0,7.052631578947368,0.08888888888888889,0.112,1,1,0.6136000000000001,1,0,0,1,0
416,0,25,1,61,1,0,6.709677419354839,0.05995203836930456,0.488,1,1,0.8130666666666668,1,1,1,1,1
117,0,11,1,12,1,0,9.0,0.09322033898305085,0.08933333333333333,1,1,0.6001333333333333,1,0,0,0,1
305,0,15,0,44,0,0,6.777777777777778,0.049019607843137254,0.34,0,0,0.202,1,0,0,1,1
355,1,23,1,66,0,1,5.298507462686567,0.06460674157303371,0.4066666666666667,2,1,1.0753333333333333,1,1,1,1,1
197,1,18,1,26,0,0,7.296296296296297,0.09090909090909091,0.196,2,0,0.7787999999999999,0,1,1,1,1
118,1,5,1,12,0,0,9.076923076923077,0.04201680672268908,0.09066666666666667,2,0,0.6605333333333333,1,0,1,1,0
70,1,6,1,9,1,0,7.0,0.08450704225352113,0.02666666666666667,2,1,0.8480000000000001,0,0,1,0,0
560,1,29,1,117,1,1,4.745762711864407,0.05169340463458111,0.68,2,2,1.3973333333333335,1,1,1,1,0
168,1,20,1,21,1,0,7.636363636363637,0.11834319526627218,0.15733333333333333,2,1,0.9805333333333333,0,1,0,1,1
83,0,11,0,10,1,0,7.545454545454546,0.13095238095238096,0.044,0,1,0.2865333333333333,1,1,0,0,1
149,0,7,0,17,0,0,8.277777777777779,0.04666666666666667,0.132,0,0,0.08626666666666667,0,1,0,0,1
733,1,23,1,144,1,1,5.055172413793104,0.031335149863760216,0.9106666666666666,2,2,1.4265333333333334,1,1,0,1,0
320,1,10,1,43,0,0,7.2727272727272725,0.03115264797507788,0.36,2,0,0.7746666666666666,0,0,1,0,1
198,0,18,1,23,1,0,8.25,0.09045226130653267,0.19733333333333333,1,1,0.6791999999999999,1,0,1,0,0
173,1,18,1,20,1,0,8.238095238095237,0.10344827586206896,0.164,2,1,0.9692,1,1,1,1,0
145,1,8,0,13,1,0,10.357142857142858,0.0547945205479452,0.12666666666666668,1,1,0.5913333333333334,0,1,1,0,0
242,1,13,1,28,1,0,8.344827586206897,0.053497942386831275,0.256,2,1,0.9634666666666667,0,0,0,0,1
62,1,7,1,9,0,0,6.2,0.1111111111111111,0.016,2,0,0.6514666666666666,0,1,0,0,1
67,1,22,1,12,1,1,5.153846153846154,0.3235294117647059,0.02266666666666667,2,2,1.1534666666666669,0,1,1,1,1
135,1,12,0,13,1,0,9.642857142857142,0.08823529411764706,0.11333333333333333,1,1,0.6140000000000001,1,0,0,0,1
78,0,9,1,9,1,0,7.8,0.11392405063291139,0.037333333333333336,1,1,0.5711999999999999,0,0,1,0,1
86,0,11,0,11,1,0,7.166666666666667,0.12643678160919541,0.048,0,1,0.28773333333333334,1,1,0,0,1
224,1,17,0,35,1,0,6.222222222222222,0.07555555555555556,0.232,1,1,0.6829333333333334,1,0,0,1,1
166,1,15,1,17,0,0,9.222222222222221,0.08982035928143713,0.15466666666666667,2,0,0.7464,1,1,0,1,1
141,0,8,0,16,1,0,8.294117647058824,0.056338028169014086,0.12133333333333333,0,1,0.28973333333333334,0,1,0,1,1
58,1,6,0,9,0,0,5.8,0.1016949152542373,0.010666666666666666,1,0,0.34319999999999995,0,1,0,0,0
100,0,8,1,9,1,0,10.0,0.07920792079207921,0.06666666666666667,1,1,0.5733333333333334,1,0,1,1,0
653,1,23,1,104,1,1,6.219047619047619,0.035168195718654434,0.804,2,2,1.3945333333333334,0,1,1,1,1
518,1,24,1,106,1,1,4.841121495327103,0.046242774566473986,0.624,2,2,1.3472,1,0,0,1,1
354,1,29,1,84,1,1,4.1647058823529415,0.08169014084507042,0.4053333333333333,2,2,1.3149333333333333,1,1,1,0,1
68,1,11,1,10,0,0,6.181818181818182,0.15942028985507245,0.024,2,0,0.6805333333333333,1,0,1,0,0
279,1,10,1,32,0,0,8.454545454545455,0.03571428571428571,0.30533333333333335,2,0,0.7582666666666666,1,1,0,0,0
449,1,27,1,84,1,1,5.2823529411764705,0.06,0.532,2,2,1.3396,1,1,0,0,1
113,1,9,1,9,1,0,11.3,0.07894736842105263,0.084,2,1,0.8852,0,0,0,1,0
55,1,8,1,9,1,0,5.5,0.14285714285714285,0.006666666666666667,2,1,0.8553333333333334,1,0,0,1,1
237,1,19,1,29,1,0,7.9,0.07983193277310924,0.24933333333333332,2,1,1.0014666666666667,0,1,1,1,0
265,0,13,1,28,1,0,9.137931034482758,0.04887218045112782,0.2866666666666667,1,1,0.6726666666666667,1,0,0,0,0
562,1,26,1,89,1,1,6.2444444444444445,0.046181172291296625,0.6826666666666666,2,2,1.3781333333333334,1,0,0,1,1
649,0,23,1,100,1,0,6.425742574257426,0.03538461538461538,0.7986666666666666,1,1,0.8929333333333334,1,1,1,1,1
539,1,25,1,66,1,0,8.044776119402986,0.046296296296296294,0.652,2,1,1.1622666666666668,1,0,1,1,1
74,1,6,1,9,1,0,7.4,0.08,0.032,2,1,0.8496000000000001,0,0,0,0,1
146,1,10,0,20,1,0,6.9523809523809526,0.06802721088435375,0.128,1,1,0.6050666666666666,1,0,1,1,0
604,1,29,1,120,1,1,4.991735537190083,0.047933884297520664,0.7386666666666667,2,2,1.4149333333333334,1,1,0,1,1
202,1,26,1,43,1,1,4.590909090909091,0.12807881773399016,0.20266666666666666,2,2,1.2341333333333333,0,1,1,1,1
132,1,21,1,21,1,1,6.0,0.15789473684210525,0.10933333333333334,2,2,1.1727999999999998,1,1,0,1,1
138,1,9,0,13,1,0,9.857142857142858,0.06474820143884892,0.11733333333333333,1,1,0.5952,0,1,0,0,0
67,1,7,1,9,0,0,6.7,0.10294117647058823,0.02266666666666667,2,0,0.6534666666666666,0,0,1,0,1
751,1,22,1,102,1,0,7.29126213592233,0.02925531914893617,0.9346666666666666,2,1,1.2270666666666667,1,0,1,0,1
99,1,8,1,11,0,0,8.25,0.08,0.06533333333333333,2,0,0.6729333333333333,1,0,0,0,1
718,1,29,1,125,1,0,5.698412698412699,0.04033379694019471,0.8906666666666667,2,1,1.2605333333333333,0,1,1,1,0
387,1,14,1,42,1,0,9.0,0.03608247422680412,0.4493333333333333,2,1,1.0281333333333331,0,0,1,0,0
430,1,31,1,107,0,1,3.9814814814814814,0.07192575406032482,0.5066666666666667,2,1,1.1586666666666667,0,1,1,0,1
92,1,11,1,10,1,0,8.363636363636363,0.11827956989247312,0.056,2,1,0.8901333333333333,0,0,0,1,0
50,1,9,0,9,1,0,5.0,0.17647058823529413,0.0,1,1,0.56,0,0,1,1,1
160,1,20,1,30,1,1,5.161290322580645,0.12422360248447205,0.14666666666666667,2,2,1.1773333333333333,1,1,0,1,1
84,0,9,1,9,1,0,8.4,0.10588235294117647,0.04533333333333334,1,1,0.5736000000000001,0,0,0,1,0
321,1,19,0,48,1,0,6.551020408163265,0.059006211180124224,0.36133333333333334,1,1,0.7350666666666668,1,1,1,1,1
95,1,9,1,11,1,0,7.916666666666667,0.09375,0.06,2,1,0.8780000000000001,0,1,1,0,0
762,1,28,1,141,1,1,5.366197183098592,0.03669724770642202,0.9493333333333334,2,2,1.471466666666667,0,1,1,1,0
90,1,5,1,9,0,0,9.0,0.054945054945054944,0.05333333333333334,2,0,0.6493333333333333,0,0,1,0,0
96,1,7,1,11,1,0,8.0,0.07216494845360824,0.06133333333333333,2,1,0.8650666666666667,1,1,0,0,0
503,1,35,1,106,1,0,4.700934579439252,0.06944444444444445,0.604,2,1,1.2145333333333335,1,1,1,1,1
656,1,34,1,116,1,0,5.6068376068376065,0.0517503805175038,0.808,2,1,1.2690666666666668,1,1,1,1,1
259,1,10,1,25,1,0,9.961538461538462,0.038461538461538464,0.2786666666666667,2,1,0.9502666666666666,1,1,0,0,1
146,1,9,1,16,0,0,8.588235294117647,0.061224489795918366,0.128,2,0,0.6983999999999999,1,1,1,0,0
119,0,6,1,12,1,0,9.153846153846153,0.05,0.092,1,1,0.5676000000000001,0,1,1,0,0
537,1,22,1,95,1,0,5.59375,0.040892193308550186,0.6493333333333333,2,1,1.1414666666666666,1,1,0,1,1
352,1,11,1,40,1,0,8.585365853658537,0.031161473087818695,0.4026666666666667,2,1,0.9941333333333334,0,1,0,0,0
257,1,18,1,35,1,0,7.138888888888889,0.06976744186046512,0.276,2,1,1.0028000000000001,1,1,1,1,1
65,1,29,1,15,0,1,4.0625,0.4393939393939394,0.02,2,1,0.9993333333333334,1,1,1,1,1
514,1,27,1,109,1,1,4.672727272727273,0.05242718446601942,0.6186666666666667,2,2,1.3656,1,1,1,1,1
635,1,24,1,96,1,0,6.546391752577319,0.03773584905660377,0.78,2,1,1.194,1,1,1,1,1
349,1,20,0,56,1,0,6.12280701754386,0.05714285714285714,0.39866666666666667,1,1,0.7529333333333332,0,1,0,1,1
143,1,9,1,19,1,0,7.15,0.0625,0.124,2,1,0.8972,1,0,0,0,0
206,1,14,1,27,1,0,7.357142857142857,0.06763285024154589,0.208,2,1,0.9557333333333334,1,1,0,0,0
731,1,23,1,105,1,0,6.89622641509434,0.031420765027322405,0.908,2,1,1.2257333333333333,1,1,1,1,0
390,0,15,1,57,0,0,6.724137931034483,0.03836317135549872,0.4533333333333333,1,0,0.5359999999999999,1,1,0,0,1
616,1,29,1,151,1,1,4.052631578947368,0.04700162074554295,0.7546666666666667,2,2,1.4197333333333333,1,0,1,1,1
346,1,22,1,59,1,1,5.766666666666667,0.06340057636887608,0.39466666666666667,2,2,1.2650666666666666,1,1,1,1,1
288,1,22,1,48,1,1,5.877551020408164,0.07612456747404844,0.31733333333333336,2,2,1.241866666666667,0,1,1,0,1
100,0,12,1,14,1,0,6.666666666666667,0.1188118811881188,0.06666666666666667,1,1,0.6000000000000001,0,1,1,0,0
135,1,9,1,16,1,0,7.9411764705882355,0.0661764705882353,0.11333333333333333,2,1,0.8940000000000001,0,0,1,0,1
321,1,12,0,39,0,0,8.025,0.037267080745341616,0.36133333333333334,1,0,0.4884,1,1,1,0,0
136,0,8,1,16,1,0,8.0,0.058394160583941604,0.11466666666666667,1,1,0.5877333333333333,1,0,1,0,0
772,1,29,1,186,1,1,4.128342245989304,0.037516170763260026,0.9626666666666667,2,2,1.4821333333333335,1,1,1,1,1
344,1,10,1,47,1,0,7.166666666666667,0.028985507246376812,0.392,2,1,0.9842666666666666,0,0,1,0,0
61,1,6,1,9,1,0,6.1,0.0967741935483871,0.014666666666666666,2,1,0.8444,1,0,0,0,1
387,1,15,0,42,1,0,9.0,0.03865979381443299,0.4493333333333333,1,1,0.7348,1,0,1,1,1
72,1,9,1,9,1,0,7.2,0.1232876712328767,0.029333333333333333,2,1,0.8688,1,1,1,0,0
161,0,18,1,25,1,0,6.1923076923076925,0.1111111111111111,0.148,1,1,0.6644,1,1,1,0,1
345,1,16,1,49,1,0,6.9,0.046242774566473986,0.3933333333333333,2,1,1.0246666666666666,0,1,1,1,0
278,1,16,1,35,0,0,7.722222222222222,0.05734767025089606,0.304,2,0,0.7978666666666666,1,1,1,1,0
344,1,12,0,36,1,0,9.297297297297296,0.034782608695652174,0.392,1,1,0.6976,0,0,1,0,0
724,1,35,1,159,1,1,4.525,0.04827586206896552,0.8986666666666666,2,2,1.5029333333333335,1,1,0,1,1
372,1,15,1,47,1,0,7.75,0.040214477211796246,0.42933333333333334,2,1,1.0288000000000002,1,1,1,1,1
64,0,5,0,9,1,0,6.4,0.07692307692307693,0.018666666666666668,0,1,0.23893333333333333,0,0,1,0,0
72,1,20,1,12,1,1,5.538461538461538,0.273972602739726,0.029333333333333333,2,2,1.1421333333333332,1,1,1,1,1
116,0,6,1,12,1,0,8.923076923076923,0.05128205128205128,0.088,1,1,0.5664,1,1,0,0,1
372,1,12,0,42,1,0,8.651162790697674,0.032171581769437,0.42933333333333334,1,1,0.7088000000000001,0,0,1,0,1
348,1,13,1,34,0,0,9.942857142857143,0.03724928366762178,0.3973333333333333,2,0,0.8058666666666666,1,0,0,0,0
318,1,27,1,58,1,1,5.389830508474576,0.08463949843260188,0.35733333333333334,2,2,1.2872,1,1,1,1,1
211,1,20,1,24,1,0,8.44,0.09433962264150944,0.21466666666666667,2,1,0.9977333333333334,1,1,0,1,1
97,0,11,1,10,1,0,8.818181818181818,0.11224489795918367,0.06266666666666666,1,1,0.5921333333333333,0,0,1,1,0
103,0,9,1,12,1,0,7.923076923076923,0.08653846153846154,0.07066666666666667,1,1,0.5811999999999999,1,1,0,1,0
56,1,6,1,9,1,0,5.6,0.10526315789473684,0.008,2,1,0.8424,1,1,0,0,0
566,1,31,1,80,0,0,6.987654320987654,0.054673721340388004,0.688,2,0,1.0130666666666668,0,1,0,1,1
586,1,22,1,97,1,0,5.979591836734694,0.03747870528109029,0.7146666666666667,2,1,1.1610666666666667,1,1,1,1,1
72,0,5,0,9,1,0,7.2,0.0684931506849315,0.029333333333333333,0,1,0.24213333333333334,1,1,0,0,0
736,1,35,1,177,1,1,4.134831460674158,0.04748982360922659,0.9146666666666666,2,2,1.5077333333333334,1,1,1,0,1
204,1,19,0,22,1,0,8.869565217391305,0.09268292682926829,0.20533333333333334,1,1,0.6882666666666667,0,1,0,1,1
75,1,10,1,10,0,0,6.818181818181818,0.13157894736842105,0.03333333333333333,2,0,0.6766666666666666,0,0,1,0,0
80,0,9,1,9,0,0,8.0,0.1111111111111111,0.04,1,0,0.372,0,1,1,1,0
67,1,5,1,9,1,0,6.7,0.07352941176470588,0.02266666666666667,2,1,0.8401333333333333,0,0,0,1,0
101,0,10,0,14,1,0,6.733333333333333,0.09803921568627451,0.068,0,1,0.2870666666666667,0,0,1,1,1
353,1,10,1,41,1,0,8.404761904761905,0.02824858757062147,0.404,2,1,0.9878666666666667,0,1,1,0,0
56,1,12,0,10,0,0,5.090909090909091,0.21052631578947367,0.008,1,0,0.3824,0,1,0,0,0
77,1,8,1,9,1,0,7.7,0.10256410256410256,0.036,2,1,0.8641333333333333,1,0,0,0,0
614,1,34,1,90,1,0,6.747252747252747,0.055284552845528454,0.752,2,1,1.2522666666666669,1,1,0,1,0
146,0,8,0,19,1,0,7.3,0.05442176870748299,0.128,0,1,0.29173333333333334,0,1,1,0,1
215,0,18,1,30,0,0,6.935483870967742,0.08333333333333333,0.22,1,0,0.486,1,1,1,1,1
600,1,22,1,121,1,1,4.918032786885246,0.036605657237936774,0.7333333333333333,2,2,1.3666666666666667,1,1,1,0,1
180,1,16,1,20,1,0,8.571428571428571,0.08839779005524862,0.17333333333333334,2,1,0.9586666666666668,0,1,0,1,1
105,0,12,1,12,1,0,8.076923076923077,0.11320754716981132,0.07333333333333333,1,1,0.6020000000000001,0,1,0,1,1
113,1,6,1,10,1,0,10.272727272727273,0.05263157894736842,0.084,2,1,0.8652,1,1,1,0,0
199,1,28,1,38,1,1,5.102564102564102,0.14,0.19866666666666666,2,2,1.2462666666666669,1,1,1,0,1
429,1,35,1,72,1,0,5.876712328767123,0.08139534883720931,0.5053333333333333,2,1,1.1849333333333334,0,1,1,1,1
135,0,10,0,15,1,0,8.4375,0.07352941176470588,0.11333333333333333,0,1,0.3006666666666667,0,0,0,0,1
337,1,24,1,66,0,1,5.029850746268656,0.07100591715976332,0.38266666666666665,2,1,1.0748000000000002,0,1,0,1,1
429,1,23,1,74,1,1,5.72,0.053488372093023255,0.5053333333333333,2,2,1.3049333333333333,1,1,0,1,1
386,1,20,1,46,1,0,8.212765957446809,0.05167958656330749,0.448,2,1,1.0677333333333332,1,1,1,1,1
336,0,15,1,41,1,0,8.0,0.04451038575667656,0.38133333333333336,1,1,0.7144,1,0,1,0,1
384,1,20,1,62,1,0,6.095238095238095,0.05194805194805195,0.44533333333333336,2,1,1.0669333333333333,1,1,0,0,1
123,1,7,0,13,1,0,8.785714285714286,0.056451612903225805,0.09733333333333333,1,1,0.5758666666666666,1,1,0,0,1
166,1,15,1,20,1,0,7.904761904761905,0.08982035928143713,0.15466666666666667,2,1,0.9464,0,1,1,1,0
50,0,7,1,9,0,0,5.0,0.13725490196078433,0.0,1,0,0.3466666666666667,0,1,1,1,0
54,0,8,1,9,1,0,5.4,0.14545454545454545,0.005333333333333333,1,1,0.5549333333333334,1,1,1,0,0
140,1,5,1,14,1,0,9.333333333333334,0.03546099290780142,0.12,2,1,0.8693333333333334,0,0,0,0,1
59,1,29,1,13,1,1,4.214285714285714,0.48333333333333334,0.012,2,2,1.1969333333333334,1,1,1,1,1
89,1,6,1,9,1,0,8.9,0.06666666666666667,0.052,2,1,0.8555999999999999,0,0,0,1,0
264,1,19,1,48,1,1,5.387755102040816,0.07169811320754717,0.2853333333333333,2,2,1.2122666666666666,0,1,0,1,0
65,0,7,1,9,0,0,6.5,0.10606060606060606,0.02,1,0,0.3526666666666667,1,0,1,1,0
205,1,14,1,21,1,0,9.318181818181818,0.06796116504854369,0.20666666666666667,2,1,0.9553333333333333,0,1,0,0,0
725,1,34,1,153,1,0,4.707792207792208,0.046831955922865015,0.9,2,1,1.2966666666666669,1,0,0,1,1
273,0,12,1,38,1,0,7.0,0.043795620437956206,0.29733333333333334,1,1,0.6692,1,0,1,0,1
136,1,9,1,13,1,0,9.714285714285714,0.06569343065693431,0.11466666666666667,2,1,0.8944000000000001,1,0,0,1,0
342,1,24,1,57,1,1,5.896551724137931,0.06997084548104957,0.3893333333333333,2,2,1.2768000000000002,1,1,1,1,1
98,1,10,1,10,1,0,8.909090909090908,0.10101010101010101,0.064,2,1,0.8858666666666666,1,0,0,0,1
105,1,18,1,18,1,1,5.526315789473684,0.16981132075471697,0.07333333333333333,2,2,1.142,1,1,1,0,1
89,0,11,1,10,1,0,8.090909090909092,0.12222222222222222,0.052,1,1,0.5889333333333334,1,0,0,0,1
57,1,9,0,9,1,0,5.7,0.15517241379310345,0.009333333333333334,1,1,0.5628,0,0,1,1,0
129,1,10,0,16,1,0,7.588235294117647,0.07692307692307693,0.10533333333333333,1,1,0.5982666666666667,0,1,1,0,0
109,0,10,1,13,1,0,7.785714285714286,0.09090909090909091,0.07866666666666666,1,1,0.5902666666666667,1,0,0,0,0
144,1,12,1,17,1,0,8.0,0.08275862068965517,0.12533333333333332,2,1,0.9176,0,0,0,0,1
289,1,21,1,50,1,1,5.666666666666667,0.07241379310344828,0.31866666666666665,2,2,1.2356,1,1,0,1,1
100,1,6,1,11,1,0,8.333333333333334,0.0594059405940594,0.06666666666666667,2,1,0.8600000000000001,0,1,1,1,0
125,0,7,1,12,0,0,9.615384615384615,0.05555555555555555,0.1,1,0,0.37666666666666665,0,0,1,1,1
536,1,21,1,71,1,0,7.444444444444445,0.03910614525139665,0.648,2,1,1.1343999999999999,1,1,1,1,1
680,1,26,1,142,1,1,4.755244755244755,0.0381791483113069,0.84,2,2,1.4253333333333333,1,1,1,1,1
50,0,12,1,10,0,0,4.545454545454546,0.23529411764705882,0.0,1,0,0.38,1,0,1,0,1
88,1,10,1,11,0,0,7.333333333333333,0.11235955056179775,0.050666666666666665,2,0,0.6818666666666666,0,0,0,1,0
556,1,32,1,133,1,1,4.149253731343284,0.05745062836624776,0.6746666666666666,2,2,1.4157333333333333,1,1,1,0,0
357,0,20,1,50,1,0,7.0,0.055865921787709494,0.4093333333333333,1,1,0.7561333333333333,1,1,1,1,0
80,0,10,1,10,1,0,7.2727272727272725,0.12345679012345678,0.04,1,1,0.5786666666666667,1,1,0,0,0
201,1,24,1,43,0,1,4.568181818181818,0.1188118811881188,0.20133333333333334,2,1,1.0204,1,1,0,1,1
225,1,15,1,23,1,0,9.375,0.06637168141592921,0.23333333333333334,2,1,0.9699999999999999,1,0,1,1,1
584,1,29,1,142,1,1,4.083916083916084,0.04957264957264957,0.712,2,2,1.4069333333333334,1,1,0,1,1
377,1,14,0,47,1,0,7.854166666666667,0.037037037037037035,0.436,1,1,0.7241333333333334,0,1,0,1,1
80,0,12,1,10,1,0,7.2727272727272725,0.14814814814814814,0.04,1,1,0.5920000000000001,0,1,0,1,1
305,1,13,1,36,1,0,8.243243243243244,0.042483660130718956,0.34,2,1,0.9886666666666666,0,0,0,1,0
209,0,17,1,29,1,0,6.966666666666667,0.08095238095238096,0.212,1,1,0.6769333333333334,1,0,1,1,1
213,1,27,1,41,1,1,5.071428571428571,0.1261682242990654,0.21733333333333332,2,2,1.2451999999999999,0,1,1,1,1
54,1,9,1,9,0,0,5.4,0.16363636363636364,0.005333333333333333,2,0,0.6616,0,0,0,1,1
52,0,7,1,9,1,0,5.2,0.1320754716981132,0.0026666666666666666,1,1,0.5474666666666667,0,1,0,0,1
105,0,6,1,12,1,0,8.076923076923077,0.05660377358490566,0.07333333333333333,1,1,0.562,1,0,0,1,1
207,1,20,1,42,1,1,4.813953488372093,0.09615384615384616,0.20933333333333334,2,2,1.1961333333333333,1,1,1,1,0
237,0,20,1,34,1,0,6.771428571428571,0.08403361344537816,0.24933333333333332,1,1,0.7081333333333333,0,1,1,0,1
136,1,10,1,19,1,0,6.8,0.072992700729927,0.11466666666666667,2,1,0.9010666666666667,0,1,0,0,1
59,1,8,0,9,1,0,5.9,0.13333333333333333,0.012,1,1,0.5569333333333334,1,0,0,1,1
56,1,9,1,9,1,0,5.6,0.15789473684210525,0.008,2,1,0.8624,1,1,0,0,1
72,0,7,1,9,1,0,7.2,0.0958904109589041,0.029333333333333333,1,1,0.5554666666666666,0,0,0,0,1
124,0,11,1,14,1,0,8.266666666666667,0.088,0.09866666666666667,1,1,0.6029333333333334,0,0,1,1,0
286,1,17,1,41,1,0,6.809523809523809,0.059233449477351915,0.31466666666666665,2,1,1.0077333333333334,0,1,0,1,0
124,1,26,1,18,1,1,6.526315789473684,0.208,0.09866666666666667,2,2,1.2029333333333332,1,0,1,1,0
54,0,7,1,9,1,0,5.4,0.12727272727272726,0.005333333333333333,1,1,0.5482666666666667,1,0,0,0,1
400,1,10,1,52,1,0,7.547169811320755,0.02493765586034913,0.4666666666666667,2,1,1.0066666666666666,1,0,1,0,0
142,1,7,1,15,1,0,8.875,0.04895104895104895,0.12266666666666666,2,1,0.8834666666666666,0,1,0,0,1
110,0,8,0,11,0,0,9.166666666666666,0.07207207207207207,0.08,0,0,0.07733333333333334,1,0,1,1,0
124,1,5,0,15,1,0,7.75,0.04,0.09866666666666667,1,1,0.5629333333333334,0,1,1,0,1
166,1,12,1,23,1,0,6.916666666666667,0.0718562874251497,0.15466666666666667,2,1,0.9264000000000001,0,1,1,1,0
53,1,6,1,9,1,0,5.3,0.1111111111111111,0.004,2,1,0.8412,0,0,0,1,1
363,1,12,1,37,1,0,9.552631578947368,0.03296703296703297,0.41733333333333333,2,1,1.0052,1,0,0,0,0
305,0,15,1,38,1,0,7.82051282051282,0.049019607843137254,0.34,1,1,0.7020000000000001,1,1,1,1,0
61,0,6,1,9,1,0,6.1,0.0967741935483871,0.014666666666666666,1,1,0.5444,1,1,1,0,0
51,1,10,1,10,1,0,4.636363636363637,0.19230769230769232,0.0013333333333333333,2,1,0.8670666666666667,1,0,1,0,0
250,1,27,1,56,1,1,4.385964912280702,0.10756972111553785,0.26666666666666666,2,2,1.26,0,1,1,0,1
417,1,34,1,108,1,1,3.8256880733944953,0.08133971291866028,0.48933333333333334,2,2,1.3734666666666664,1,1,1,1,1
122,0,6,1,13,1,0,8.714285714285714,0.04878048780487805,0.096,1,1,0.5688,1,0,1,0,1
439,1,33,1,83,1,0,5.226190476190476,0.075,0.5186666666666667,2,1,1.1756,1,0,1,0,1
114,1,8,1,11,1,0,9.5,0.06956521739130435,0.08533333333333333,2,1,0.8789333333333332,0,1,1,0,1
187,0,19,1,24,1,0,7.48,0.10106382978723404,0.18266666666666667,1,1,0.6814666666666667,1,1,1,1,1
348,1,14,1,36,1,0,9.405405405405405,0.04011461318051576,0.3973333333333333,2,1,1.0125333333333333,1,0,0,0,1
395,1,25,1,88,1,1,4.438202247191011,0.06313131313131314,0.46,2,2,1.3046666666666666,0,1,1,1,1
161,1,15,1,18,0,0,8.473684210526315,0.09259259259259259,0.148,2,0,0.7444,1,1,1,1,1
573,1,20,1,104,1,1,5.457142857142857,0.03484320557491289,0.6973333333333334,2,2,1.3425333333333334,1,1,1,0,1
571,1,24,1,98,1,1,5.767676767676767,0.04195804195804196,0.6946666666666667,2,2,1.3684000000000003,1,1,1,1,1
229,1,15,1,31,1,0,7.15625,0.06521739130434782,0.23866666666666667,2,1,0.9715999999999999,0,1,1,1,1
56,0,5,1,9,1,0,5.6,0.08771929824561403,0.008,1,1,0.5357333333333333,0,1,1,0,1
129,1,7,0,12,1,0,9.923076923076923,0.05384615384615385,0.10533333333333333,1,1,0.5782666666666667,0,1,0,1,0
421,1,29,1,82,1,1,5.072289156626506,0.06872037914691943,0.49466666666666664,2,2,1.3417333333333334,1,1,1,1,1
529,1,29,1,92,1,1,5.688172043010753,0.05471698113207547,0.6386666666666667,2,2,1.3849333333333333,1,1,0,1,1
148,1,30,1,35,1,1,4.111111111111111,0.20134228187919462,0.13066666666666665,2,2,1.2392,1,1,1,1,1
480,1,34,1,88,1,1,5.393258426966292,0.07068607068607069,0.5733333333333334,2,2,1.3986666666666667,1,1,1,0,1
314,1,18,1,44,1,0,6.977777777777778,0.05714285714285714,0.352,2,1,1.0255999999999998,1,0,1,1,1
231,1,21,1,45,1,1,5.021739130434782,0.09051724137931035,0.24133333333333334,2,2,1.2124,1,1,1,0,0
200,1,17,1,26,1,0,7.407407407407407,0.0845771144278607,0.2,2,1,0.9733333333333332,1,0,0,1,0
309,1,15,0,31,1,0,9.65625,0.04838709677419355,0.3453333333333333,1,1,0.7035999999999999,0,1,1,1,1
148,1,9,1,13,0,0,10.571428571428571,0.06040268456375839,0.13066666666666665,2,0,0.6992,1,0,1,0,0
265,1,16,1,41,1,0,6.309523809523809,0.06015037593984962,0.2866666666666667,2,1,0.9926666666666666,1,1,0,0,0
127,1,7,1,15,0,0,7.9375,0.0546875,0.10266666666666667,2,0,0.6774666666666667,0,0,0,1,0
615,1,30,1,127,1,1,4.8046875,0.048701298701298704,0.7533333333333333,2,2,1.426,1,1,1,1,1
125,0,9,1,11,1,0,10.416666666666666,0.07142857142857142,0.1,1,1,0.5900000000000001,0,0,1,0,0
598,1,31,1,139,1,1,4.271428571428571,0.05175292153589316,0.7306666666666667,2,2,1.4258666666666666,1,1,1,1,1
77,1,7,1,9,1,0,7.7,0.08974358974358974,0.036,2,1,0.8574666666666666,0,0,0,1,1
662,1,34,1,119,1,1,5.516666666666667,0.05128205128205128,0.816,2,2,1.4714666666666667,0,1,1,1,1
687,1,24,1,85,1,0,7.988372093023256,0.03488372093023256,0.8493333333333334,2,1,1.2147999999999999,1,1,0,0,1
416,1,22,1,63,0,0,6.5,0.05275779376498801,0.488,2,0,0.8930666666666667,1,1,1,1,1
293,1,23,1,64,1,1,4.507692307692308,0.0782312925170068,0.324,2,2,1.2505333333333333,1,1,0,1,0
481,1,25,1,83,1,0,5.726190476190476,0.05186721991701245,0.5746666666666667,2,1,1.1390666666666667,1,1,0,1,1
328,1,19,0,40,1,0,8.0,0.057750759878419454,0.37066666666666664,1,1,0.7378666666666667,1,1,1,1,1
324,1,27,1,54,1,1,5.890909090909091,0.08307692307692308,0.36533333333333334,2,2,1.2895999999999999,1,1,0,1,1
460,1,33,1,109,0,1,4.181818181818182,0.07158351409978309,0.5466666666666666,2,1,1.184,1,1,1,0,1
199,1,17,1,25,1,0,7.653846153846154,0.085,0.19866666666666666,2,1,0.9729333333333332,0,0,1,0,1
142,0,7,0,14,1,0,9.466666666666667,0.04895104895104895,0.12266666666666666,0,1,0.2834666666666667,1,1,0,0,1
214,1,12,1,28,0,0,7.379310344827586,0.05581395348837209,0.21866666666666668,2,0,0.7456,1,0,0,0,0
120,0,5,1,12,1,0,9.23076923076923,0.04132231404958678,0.09333333333333334,1,1,0.5613333333333334,0,0,1,0,1
123,1,9,1,11,1,0,10.25,0.07258064516129033,0.09733333333333333,2,1,0.8892,1,1,0,1,0
186,0,15,1,25,0,0,7.153846153846154,0.08021390374331551,0.18133333333333335,1,0,0.4544,1,1,1,1,1
116,1,8,1,14,0,0,7.733333333333333,0.06837606837606838,0.088,2,0,0.6797333333333333,1,0,0,0,1
343,1,20,1,42,1,0,7.976744186046512,0.05813953488372093,0.39066666666666666,2,1,1.0505333333333333,1,0,0,1,1
80,0,7,1,10,1,0,7.2727272727272725,0.08641975308641975,0.04,1,1,0.5586666666666666,0,0,0,1,0
62,0,7,1,9,1,0,6.2,0.1111111111111111,0.016,1,1,0.5514666666666667,1,1,0,0,1
108,0,7,1,12,1,0,8.307692307692308,0.06422018348623854,0.07733333333333334,1,1,0.5698666666666666,1,0,0,1,1
87,1,9,0,10,1,0,7.909090909090909,0.10227272727272728,0.04933333333333333,1,1,0.5748,0,1,0,0,1
113,1,9,0,11,1,0,9.416666666666666,0.07894736842105263,0.084,1,1,0.5851999999999999,0,1,1,0,0
184,1,28,1,40,0,1,4.487804878048781,0.15135135135135136,0.17866666666666667,2,1,1.0402666666666667,0,1,1,1,0
67,1,7,1,9,0,0,6.7,0.10294117647058823,0.02266666666666667,2,0,0.6534666666666666,0,0,0,1,0
123,0,7,0,11,1,0,10.25,0.056451612903225805,0.09733333333333333,0,1,0.2758666666666667,0,0,1,1,1
507,1,29,1,85,0,0,5.895348837209302,0.05708661417322835,0.6093333333333333,2,0,0.9761333333333333,1,1,1,1,1
726,1,29,1,129,1,0,5.584615384615384,0.039889958734525444,0.9013333333333333,2,1,1.2637333333333334,1,1,1,0,1
227,1,17,1,31,1,0,7.09375,0.07456140350877193,0.236,2,1,0.9841333333333333,1,1,0,1,1
300,1,10,1,29,1,0,10.0,0.03322259136212625,0.3333333333333333,2,1,0.9666666666666666,1,0,1,0,1
146,1,11,1,16,1,0,8.588235294117647,0.07482993197278912,0.128,2,1,0.9117333333333334,1,1,1,0,0
129,1,8,1,14,0,0,8.6,0.06153846153846154,0.10533333333333333,2,0,0.6849333333333333,1,1,0,1,0
137,1,11,1,15,1,0,8.5625,0.07971014492753623,0.116,2,1,0.9081333333333333,0,1,0,1,0
66,0,11,1,10,1,0,6.0,0.16417910447761194,0.021333333333333333,1,1,0.5797333333333333,0,0,0,1,0
331,1,16,1,51,1,0,6.365384615384615,0.04819277108433735,0.37466666666666665,2,1,1.0190666666666666,1,1,1,1,1
603,1,24,1,83,1,0,7.178571428571429,0.039735099337748346,0.7373333333333333,2,1,1.1812,1,0,0,1,1
64,1,5,1,9,0,0,6.4,0.07692307692307693,0.018666666666666668,2,0,0.6389333333333334,0,0,0,1,0
616,1,29,1,120,1,0,5.090909090909091,0.04700162074554295,0.7546666666666667,2,1,1.2197333333333333,1,0,1,1,0
96,0,11,1,10,0,0,8.727272727272727,0.1134020618556701,0.06133333333333333,1,0,0.3917333333333334,1,0,0,0,1
55,1,26,1,13,1,1,3.9285714285714284,0.4642857142857143,0.006666666666666667,2,2,1.1753333333333333,1,1,1,1,1
87,1,18,1,12,1,1,6.6923076923076925,0.20454545454545456,0.04933333333333333,2,2,1.1348000000000003,1,1,1,1,0
745,1,29,1,139,1,1,5.321428571428571,0.0388739946380697,0.9266666666666666,2,2,1.4713333333333334,1,1,1,0,1
89,0,12,1,10,0,0,8.090909090909092,0.13333333333333333,0.052,1,0,0.3956,1,1,1,0,0
105,0,5,1,12,1,0,8.076923076923077,0.04716981132075472,0.07333333333333333,1,1,0.5553333333333333,1,1,0,0,1
98,0,11,1,10,1,0,8.909090909090908,0.1111111111111111,0.064,1,1,0.5925333333333334,0,1,0,0,1
208,1,11,1,24,1,0,8.32,0.05263157894736842,0.21066666666666667,2,1,0.9365333333333333,0,0,1,0,1
60,0,10,1,10,1,0,5.454545454545454,0.16393442622950818,0.013333333333333334,1,1,0.5706666666666667,0,0,0,1,0
181,1,15,1,27,1,0,6.464285714285714,0.08241758241758242,0.17466666666666666,2,1,0.9524,1,1,1,1,1
116,1,8,1,10,1,0,10.545454545454545,0.06837606837606838,0.088,2,1,0.8797333333333334,0,1,0,0,0
73,1,6,1,9,1,0,7.3,0.08108108108108109,0.030666666666666665,2,1,0.8492,0,1,0,0,0
82,0,11,0,11,1,0,6.833333333333333,0.13253012048192772,0.042666666666666665,0,1,0.28613333333333335,0,0,0,0,1
169,1,13,0,21,1,0,7.681818181818182,0.07647058823529412,0.15866666666666668,1,1,0.6342666666666668,1,0,1,0,0
199,1,19,1,27,0,0,7.107142857142857,0.095,0.19866666666666666,2,0,0.7862666666666667,1,0,1,1,1
451,1,35,1,96,1,1,4.649484536082475,0.07743362831858407,0.5346666666666666,2,2,1.3937333333333335,1,1,1,1,1
474,1,33,1,94,1,0,4.989473684210527,0.06947368421052631,0.5653333333333334,2,1,1.1896,1,1,0,1,0
59,0,10,1,10,1,0,5.363636363636363,0.16666666666666666,0.012,1,1,0.5702666666666667,1,1,0,0,0
234,1,10,1,28,0,0,8.068965517241379,0.0425531914893617,0.24533333333333332,2,0,0.7402666666666666,1,0,1,0,1
81,1,9,1,9,1,0,8.1,0.10975609756097561,0.04133333333333333,2,1,0.8724000000000001,0,0,1,0,1
53,1,8,0,9,1,0,5.3,0.14814814814814814,0.004,1,1,0.5545333333333333,0,0,0,0,1
75,1,30,1,14,1,1,5.0,0.39473684210526316,0.03333333333333333,2,2,1.21,1,1,1,1,1
136,1,7,1,12,1,0,10.461538461538462,0.051094890510948905,0.11466666666666667,2,1,0.8810666666666667,1,1,1,0,0
52,1,21,1,12,1,1,4.0,0.39622641509433965,0.0026666666666666666,2,2,1.1407999999999998,1,1,0,1,1
210,1,25,1,46,1,1,4.468085106382978,0.11848341232227488,0.21333333333333335,2,2,1.2306666666666668,0,1,1,1,1
124,0,10,1,12,1,0,9.538461538461538,0.08,0.09866666666666667,1,1,0.5962666666666667,0,1,1,1,0
68,0,9,1,9,1,0,6.8,0.13043478260869565,0.024,1,1,0.5671999999999999,0,0,1,0,0
283,0,19,1,42,1,0,6.5813953488372094,0.06690140845070422,0.31066666666666665,1,1,0.7198666666666667,0,1,1,1,0
708,1,26,1,128,1,1,5.488372093023256,0.036671368124118475,0.8773333333333333,2,2,1.4365333333333332,1,1,1,1,1
398,1,30,1,95,1,1,4.145833333333333,0.07518796992481203,0.464,2,2,1.3392,1,1,1,1,1
288,1,11,0,35,0,0,8.0,0.03806228373702422,0.31733333333333336,1,0,0.46853333333333336,1,1,0,0,1
57,1,9,1,9,0,0,5.7,0.15517241379310345,0.009333333333333334,2,0,0.6628000000000001,1,0,1,1,0
224,1,10,1,23,1,0,9.333333333333334,0.044444444444444446,0.232,2,1,0.9362666666666666,1,0,1,1,0
114,1,6,1,10,1,0,10.363636363636363,0.05217391304347826,0.08533333333333333,2,1,0.8655999999999999,0,0,0,0,1
54,1,12,1,10,1,0,4.909090909090909,0.21818181818181817,0.005333333333333333,2,1,0.8816000000000002,0,1,0,0,1
148,0,9,1,14,0,0,9.866666666666667,0.06040268456375839,0.13066666666666665,1,0,0.3992,0,0,0,1,1
148,0,7,0,15,1,0,9.25,0.04697986577181208,0.13066666666666665,0,1,0.28586666666666666,0,1,0,0,0
104,1,7,1,10,1,0,9.454545454545455,0.06666666666666667,0.072,2,1,0.8682666666666665,1,0,0,0,1
273,1,16,1,41,1,0,6.5,0.058394160583941604,0.29733333333333334,2,1,0.9958666666666667,1,1,1,1,1
427,1,26,1,67,1,1,6.279411764705882,0.06074766355140187,0.5026666666666667,2,2,1.3241333333333334,1,1,1,1,1
117,0,9,1,12,0,0,9.0,0.07627118644067797,0.08933333333333333,1,0,0.3868,0,1,1,1,0
129,1,6,1,11,0,0,10.75,0.046153846153846156,0.10533333333333333,2,0,0.6716,0,1,1,1,0
106,0,7,1,10,1,0,9.636363636363637,0.06542056074766354,0.07466666666666667,1,1,0.5690666666666666,0,1,0,0,0
652,1,35,1,118,1,1,5.4789915966386555,0.05359877488514548,0.8026666666666666,2,2,1.4741333333333335,1,1,1,1,1
237,1,15,1,35,1,0,6.583333333333333,0.06302521008403361,0.24933333333333332,2,1,0.9748,0,0,1,1,0
111,0,7,1,11,1,0,9.25,0.0625,0.08133333333333333,1,1,0.5710666666666666,0,1,0,0,1
89,1,11,1,10,1,0,8.090909090909092,0.12222222222222222,0.052,2,1,0.8889333333333332,1,0,1,0,1
87,0,11,1,11,0,0,7.25,0.125,0.04933333333333333,1,0,0.38813333333333333,0,0,0,0,1
137,1,11,0,14,1,0,9.133333333333333,0.07971014492753623,0.116,1,1,0.6081333333333333,0,0,0,1,1
629,1,29,1,82,1,0,7.578313253012048,0.046031746031746035,0.772,2,1,1.2249333333333334,1,1,1,1,1
646,1,33,1,132,1,1,4.857142857142857,0.05100463678516229,0.7946666666666666,2,2,1.4584,1,1,0,1,1
144,1,10,1,14,1,0,9.6,0.06896551724137931,0.12533333333333332,2,1,0.9042666666666666,1,1,1,0,0
141,0,11,0,15,1,0,8.8125,0.07746478873239436,0.12133333333333333,0,1,0.3097333333333333,0,1,0,1,0
118,1,6,0,13,0,0,8.428571428571429,0.05042016806722689,0.09066666666666667,1,0,0.36719999999999997,0,1,0,0,1
111,1,9,0,12,1,0,8.538461538461538,0.08035714285714286,0.08133333333333333,1,1,0.5844,0,0,0,1,0
117,0,5,1,9,1,0,11.7,0.0423728813559322,0.08933333333333333,1,1,0.5601333333333333,0,1,1,0,1
167,1,25,1,28,1,1,5.758620689655173,0.1488095238095238,0.156,2,2,1.2134666666666667,1,1,1,0,0
500,1,32,1,80,1,0,6.172839506172839,0.06387225548902195,0.6,2,1,1.1933333333333334,1,0,1,1,1
139,0,8,1,12,1,0,10.692307692307692,0.05714285714285714,0.11866666666666667,1,1,0.5889333333333334,1,1,0,0,0
287,1,13,1,36,1,0,7.756756756756757,0.04513888888888889,0.316,2,1,0.9814666666666667,0,1,0,0,0
76,0,7,1,9,0,0,7.6,0.09090909090909091,0.034666666666666665,1,0,0.3570666666666667,0,1,0,0,0
206,1,20,1,34,1,0,5.885714285714286,0.0966183574879227,0.208,2,1,0.9957333333333334,0,1,1,1,1
145,0,6,0,12,1,0,11.153846153846153,0.0410958904109589,0.12666666666666668,0,1,0.278,0,1,1,0,0
585,1,30,1,127,1,1,4.5703125,0.051194539249146756,0.7133333333333334,2,2,1.414,1,1,1,1,1
384,1,19,0,43,1,0,8.727272727272727,0.04935064935064935,0.44533333333333336,1,1,0.7602666666666666,0,1,1,0,1
147,0,11,1,19,1,0,7.35,0.07432432432432433,0.12933333333333333,1,1,0.6121333333333333,0,0,0,1,0
52,0,11,1,10,1,0,4.7272727272727275,0.20754716981132076,0.0026666666666666666,1,1,0.5741333333333334,1,1,1,0,0
274,1,19,1,30,0,0,8.838709677419354,0.06909090909090909,0.2986666666666667,2,0,0.8162666666666667,1,0,1,1,1
300,0,20,1,34,1,0,8.571428571428571,0.0664451827242525,0.3333333333333333,1,1,0.7333333333333333,0,1,1,1,0
126,1,8,1,16,1,0,7.411764705882353,0.06299212598425197,0.10133333333333333,2,1,0.8837333333333334,1,0,0,1,0
50,1,10,0,10,1,0,4.545454545454546,0.19607843137254902,0.0,1,1,0.5666666666666667,0,1,1,1,0
383,1,16,1,60,1,0,6.278688524590164,0.041666666666666664,0.444,2,1,1.0398666666666667,1,1,1,1,1
104,1,9,1,9,1,0,10.4,0.08571428571428572,0.072,2,1,0.8815999999999999,1,1,0,0,1
128,1,6,0,11,1,0,10.666666666666666,0.046511627906976744,0.104,1,1,0.5712,0,1,0,0,1
145,1,7,1,16,1,0,8.529411764705882,0.04794520547945205,0.12666666666666668,2,1,0.8846666666666667,0,0,1,1,1
243,1,16,1,30,1,0,7.838709677419355,0.06557377049180328,0.25733333333333336,2,1,0.9838666666666667,1,1,1,1,1
110,1,9,1,13,1,0,7.857142857142857,0.08108108108108109,0.08,2,1,0.8840000000000001,0,0,0,1,1
79,1,7,1,9,1,0,7.9,0.0875,0.03866666666666667,2,1,0.8582666666666667,0,1,1,0,0
289,1,17,1,45,0,0,6.282608695652174,0.05862068965517241,0.31866666666666665,2,0,0.8089333333333333,1,1,1,0,1
738,1,25,1,143,1,1,5.125,0.03382949932341001,0.9173333333333333,2,2,1.4418666666666666,1,1,1,1,0
344,1,27,1,79,1,1,4.3,0.0782608695652174,0.392,2,2,1.2975999999999999,1,1,1,1,1
64,0,8,1,9,1,0,6.4,0.12307692307692308,0.018666666666666668,1,1,0.5589333333333334,1,0,0,1,1
137,0,11,0,18,1,0,7.2105263157894735,0.07971014492753623,0.116,0,1,0.30813333333333337,0,1,0,0,0
167,1,11,1,21,1,0,7.590909090909091,0.06547619047619048,0.156,2,1,0.9201333333333334,0,0,0,1,0
428,1,20,1,61,1,1,6.903225806451613,0.046620046620046623,0.504,2,2,1.2845333333333333,1,1,0,1,1
114,1,7,1,14,1,0,7.6,0.06086956521739131,0.08533333333333333,2,1,0.8722666666666665,0,0,0,1,0
104,1,9,1,12,1,0,8.0,0.08571428571428572,0.072,2,1,0.8815999999999999,1,0,0,0,0
83,1,18,1,12,1,1,6.384615384615385,0.21428571428571427,0.044,2,2,1.1332,0,1,1,1,1
373,1,19,1,51,1,0,7.173076923076923,0.05080213903743316,0.43066666666666664,2,1,1.0558666666666667,0,1,1,1,1
104,1,28,1,16,1,1,6.117647058823529,0.26666666666666666,0.072,2,2,1.2082666666666666,1,1,0,0,1
301,1,24,1,51,0,1,5.788461538461538,0.07947019867549669,0.33466666666666667,2,1,1.0604,1,1,1,1,1
201,1,15,1,30,1,0,6.483870967741935,0.07425742574257425,0.20133333333333334,2,1,0.9604,1,1,0,0,0
789,1,27,1,125,1,1,6.261904761904762,0.03417721518987342,0.9853333333333333,2,2,1.4755999999999998,1,1,1,1,1
111,1,8,1,10,0,0,10.090909090909092,0.07142857142857142,0.08133333333333333,2,0,0.6777333333333333,1,0,0,0,1
797,1,30,1,149,1,1,5.3133333333333335,0.03759398496240601,0.996,2,2,1.4988,1,1,1,1,0
50,1,6,1,9,0,0,5.0,0.11764705882352941,0.0,2,0,0.64,0,0,0,1,0
113,1,11,1,11,0,0,9.416666666666666,0.09649122807017543,0.084,2,0,0.6985333333333333,0,1,1,1,0
144,0,6,1,17,1,0,8.0,0.041379310344827586,0.12533333333333332,1,1,0.5776000000000001,0,0,1,0,1
139,1,10,0,15,1,0,8.6875,0.07142857142857142,0.11866666666666667,1,1,0.6022666666666667,1,1,0,1,0
96,1,12,1,10,0,0,8.727272727272727,0.12371134020618557,0.06133333333333333,2,0,0.6983999999999999,0,0,0,0,1
276,0,19,1,43,1,0,6.2727272727272725,0.06859205776173286,0.30133333333333334,1,1,0.7170666666666667,1,1,0,0,0
190,0,12,1,24,1,0,7.6,0.06282722513089005,0.18666666666666668,1,1,0.6360000000000001,1,0,1,1,0
274,0,17,1,43,1,0,6.2272727272727275,0.06181818181818182,0.2986666666666667,1,1,0.7029333333333334,0,1,0,1,1
298,1,12,1,41,1,0,7.095238095238095,0.04013377926421405,0.33066666666666666,2,1,0.9792000000000001,0,0,0,1,0
255,1,15,1,35,0,0,7.083333333333333,0.05859375,0.2733333333333333,2,0,0.7819999999999999,1,1,1,1,1
574,1,32,1,113,1,0,5.035087719298246,0.05565217391304348,0.6986666666666667,2,1,1.2229333333333334,1,1,1,1,0
386,0,13,1,43,1,0,8.772727272727273,0.03359173126614987,0.448,1,1,0.7210666666666667,1,0,0,0,0
376,1,16,1,57,1,0,6.482758620689655,0.042440318302387266,0.43466666666666665,2,1,1.0370666666666666,1,0,1,0,0
56,1,5,1,9,1,0,5.6,0.08771929824561403,0.008,2,1,0.8357333333333333,1,0,0,1,1
157,1,10,1,20,1,0,7.476190476190476,0.06329113924050633,0.14266666666666666,2,1,0.9094666666666666,0,0,0,0,1
662,1,23,1,84,1,0,7.788235294117647,0.03469079939668175,0.816,2,1,1.1981333333333333,1,1,0,1,1
126,0,8,1,15,1,0,7.875,0.06299212598425197,0.10133333333333333,1,1,0.5837333333333333,0,0,1,0,0
98,0,7,1,10,1,0,8.909090909090908,0.0707070707070707,0.064,1,1,0.5658666666666666,0,0,0,0,1
344,1,10,1,46,1,0,7.319148936170213,0.028985507246376812,0.392,2,1,0.9842666666666666,0,0,1,0,0
103,1,12,1,13,0,0,7.357142857142857,0.11538461538461539,0.07066666666666667,2,0,0.7012,1,0,0,0,1
390,1,19,1,59,1,0,6.5,0.04859335038363171,0.4533333333333333,2,1,1.0626666666666666,1,0,0,0,1
120,0,7,0,13,1,0,8.571428571428571,0.05785123966942149,0.09333333333333334,0,1,0.27466666666666667,0,0,1,0,0
106,1,12,0,12,1,0,8.153846153846153,0.11214953271028037,0.07466666666666667,1,1,0.6024,0,0,1,1,1
232,0,11,1,29,1,0,7.733333333333333,0.04721030042918455,0.24266666666666667,1,1,0.6461333333333333,1,1,0,0,1
64,0,10,1,10,1,0,5.818181818181818,0.15384615384615385,0.018666666666666668,1,1,0.5722666666666667,0,1,0,0,1
276,1,19,1,38,1,0,7.076923076923077,0.06859205776173286,0.30133333333333334,2,1,1.0170666666666668,1,1,0,1,1
577,1,28,1,108,1,1,5.293577981651376,0.04844290657439446,0.7026666666666667,2,2,1.3974666666666666,1,1,1,1,1
282,1,19,1,43,1,0,6.409090909090909,0.06713780918727916,0.30933333333333335,2,1,1.0194666666666667,0,1,1,0,0
318,1,11,1,37,1,0,8.368421052631579,0.034482758620689655,0.35733333333333334,2,1,0.9805333333333334,1,1,1,0,0
146,1,12,0,18,1,0,7.684210526315789,0.08163265306122448,0.128,1,1,0.6184000000000001,0,1,0,1,0
127,1,6,1,11,1,0,10.583333333333334,0.046875,0.10266666666666667,2,1,0.8708,1,0,0,0,0
123,0,10,1,16,0,0,7.235294117647059,0.08064516129032258,0.09733333333333333,1,0,0.39586666666666664,0,0,0,0,1
303,1,13,1,36,1,0,8.18918918918919,0.04276315789473684,0.3373333333333333,2,1,0.9878666666666667,0,0,0,1,1
101,0,5,0,12,1,0,7.769230769230769,0.049019607843137254,0.068,0,1,0.25373333333333337,0,0,1,0,1
353,1,16,1,51,1,0,6.788461538461538,0.04519774011299435,0.404,2,1,1.0278666666666667,1,0,0,0,1
146,0,10,1,17,1,0,8.11111111111111,0.06802721088435375,0.128,1,1,0.6050666666666666,1,0,1,1,0
454,1,35,1,88,1,1,5.101123595505618,0.07692307692307693,0.5386666666666666,2,2,1.3949333333333334,1,1,0,0,1
55,1,10,1,10,1,0,5.0,0.17857142857142858,0.006666666666666667,2,1,0.8686666666666667,1,0,0,0,1
56,1,11,1,10,1,0,5.090909090909091,0.19298245614035087,0.008,2,1,0.8757333333333334,0,0,1,1,1
562,1,25,1,118,1,1,4.722689075630252,0.04440497335701599,0.6826666666666666,2,2,1.3714666666666668,0,1,1,1,1
296,1,13,1,41,1,0,7.0476190476190474,0.04377104377104377,0.328,2,1,0.9850666666666668,0,1,0,1,0
614,1,23,1,90,1,0,6.747252747252747,0.03739837398373984,0.752,2,1,1.1789333333333334,0,1,1,1,1
773,1,34,1,153,1,1,5.01948051948052,0.04392764857881137,0.964,2,2,1.5158666666666667,0,1,1,0,1
224,1,20,1,26,1,0,8.296296296296296,0.08888888888888889,0.232,2,1,1.0029333333333332,0,1,1,1,1
72,1,11,1,10,0,0,6.545454545454546,0.1506849315068493,0.029333333333333333,2,0,0.6821333333333334,1,1,1,0,0
363,1,18,1,45,1,0,7.891304347826087,0.04945054945054945,0.41733333333333333,2,1,1.0452,1,1,1,1,1
70,0,6,0,9,1,0,7.0,0.08450704225352113,0.02666666666666667,0,1,0.24800000000000003,0,1,1,1,0
237,1,19,1,31,1,0,7.40625,0.07983193277310924,0.24933333333333332,2,1,1.0014666666666667,1,1,1,1,1
119,0,7,1,15,1,0,7.4375,0.058333333333333334,0.092,1,1,0.5742666666666667,1,0,0,0,1
130,1,19,1,21,0,1,5.909090909090909,0.1450381679389313,0.10666666666666667,2,1,0.9586666666666668,1,1,1,1,1
56,1,10,1,10,1,0,5.090909090909091,0.17543859649122806,0.008,2,1,0.8690666666666667,0,1,1,0,0
131,1,6,1,12,1,0,10.076923076923077,0.045454545454545456,0.108,2,1,0.8724000000000001,0,0,0,0,1
120,1,12,1,16,1,0,7.0588235294117645,0.09917355371900827,0.09333333333333334,2,1,0.9080000000000001,1,0,0,1,0
235,1,11,0,28,1,0,8.10344827586207,0.046610169491525424,0.24666666666666667,1,1,0.6473333333333334,1,0,1,0,1
671,1,25,1,115,0,1,5.7844827586206895,0.03720238095238095,0.828,2,1,1.2150666666666667,1,1,1,1,0
239,1,21,1,50,1,1,4.686274509803922,0.0875,0.252,2,2,1.2156,1,1,1,1,1
196,1,28,1,47,1,1,4.083333333333333,0.14213197969543148,0.19466666666666665,2,2,1.2450666666666668,1,1,1,1,1
379,0,11,0,38,1,0,9.717948717948717,0.02894736842105263,0.43866666666666665,0,1,0.40493333333333337,0,1,1,1,0
289,0,17,0,39,1,0,7.225,0.05862068965517241,0.31866666666666665,0,1,0.4089333333333333,0,1,1,0,1
201,1,12,1,29,1,0,6.7,0.0594059405940594,0.20133333333333334,2,1,0.9404000000000001,0,1,1,0,0
104,1,9,1,12,1,0,8.0,0.08571428571428572,0.072,2,1,0.8815999999999999,0,1,1,1,0
369,1,20,1,44,1,0,8.2,0.05405405405405406,0.42533333333333334,2,1,1.0609333333333333,1,0,1,1,0
178,1,16,0,24,1,0,7.12,0.0893854748603352,0.17066666666666666,1,1,0.6578666666666666,1,1,0,1,1
694,1,35,1,141,1,1,4.887323943661972,0.050359712230215826,0.8586666666666667,2,2,1.4909333333333334,1,1,1,1,0
386,1,13,1,56,0,0,6.771929824561403,0.03359173126614987,0.448,2,0,0.8210666666666666,0,1,0,1,1
94,0,10,1,10,0,0,8.545454545454545,0.10526315789473684,0.058666666666666666,1,0,0.38426666666666665,0,1,0,0,1
304,1,25,1,52,1,1,5.735849056603773,0.08196721311475409,0.33866666666666667,2,2,1.2682666666666667,1,1,1,1,1
85,1,5,1,9,1,0,8.5,0.05813953488372093,0.04666666666666667,2,1,0.8473333333333334,0,0,0,0,1
128,1,5,1,13,1,0,9.142857142857142,0.03875968992248062,0.104,2,1,0.8645333333333333,1,1,0,0,0
